{
  "\uc0bc\uc131\uc804\uc790": 216500.0,
  "\ud30c\ub9c8\ub9ac\uc11c\uce58": 83800.0,
  "\ud604\ub300\ucc283\uc6b0B": 323500.0,
  "DL\uc774\uc564\uc528\uc6b0": 973.0,
  "\ub450\uc0b0": 1278000.0,
  "\uc0bc\uc131\uc804\uc790\uc6b0": 143800.0,
  "\ub124\uc774\ubc84": 254500.0,
  "\ud604\ub300\ucc28\uc6b0": 323500.0,
  "\uc5d8\uc624\ud2f0\ubca0\ud060": 5260.0,
  "\ud604\ub300\uac74\uc124": 16000.0,
  "\uc138\uc544\ubca0\uc2a4\ud2f8\uc9c0\uc8fc": 142000.0,
  "LG\uc5d0\ub108\uc9c0\uc194\ub8e8\uc158": 427000.0,
  "\uc0bc\uc131SDI": 466000.0,
  "TIGER \ubbf8\uad6d\ud14c\ud06cTOP10 INDXX": 40650.0,
  "TIGER \ucf54\uc2a4\ud53c\uace0\ubc30\ub2f9": 417500.0,
  "\ucf54\ub78c\ucf54\ub77c\uc774\ud504\uc778\ud504\ub77c\ub9ac\uce20": 2510.0,
  "\uc774\uc9c0\uc2a4\ubc38\ub958\ud50c\ub7ec\uc2a4\ub9ac\uce20": 4850.0,
  "\uc0e4\uc624\ubbf8": 34.9,
  "INTC": 45.61,
  "NLR": 149.74,
  "GRID ETF": 178.49,
  "NVDA": 177.19,
  "HSAI": 26.95,
  "TSLA": 402.51,
  "AMD": 200.21,
  "AMZN": 210.0,
  "LLY": 1051.99,
  "MSFT": 392.74,
  "GOOGL": 311.76,
  "RTX": 202.62,
  "PLTR": 137.19,
  "BTC/KRW": 66989.89,
  "ETH/KRW": 1964.9397,
  "SOL/KRW": 84.36192,
  "LINK/USD": 8.843741
}